66536,A Black Crystal
66542,A Black Crystal
66541,A Blue Crystal
66535,A Blue Crystal
66543,A Clear Crystal
66537,A Clear Crystal
39310,A Darkhollow Spore
64413,A Dowry Kit
66540,A Green Crystal
66534,A Green Crystal
66272,A Huge Bundle of Scrap Metal
44000,A Large Chunk of Agranite
66276,A Large Metal Hull
46729,A Marvelous Elixir
93087,A Message
56885,A Pile of Shrimp
66273,A Power Source
66274,A Power Source
120062,A Pretty Flower
120081,A Pretty Flower
66538,A Purple Crystal
66544,A Purple Crystal
66533,A Red Crystal
66539,A Red Crystal
56887,A Sack of Bloody Fish Heads
56886,A Slab of Seal Meat
18906,a small wood carving
100946,a Sol Ro dark smoker
100945,a Sol Ro fire lord
59497,A Stone Horn
18730,A tattered note
18736,A tattered note
18744,A tattered note
18857,A tattered note
18855,A tattered note
18723,A tattered note
18714,A tattered note
18856,A tattered note
100944,a Zek archer
100943,a Zek soldier
51802,Adventurer's Black Nag Harness
51803,Adventurer's Brown Nag Harness
67672,Adventurer's Stone Of Magic
67669,Adventurer's Stone Of Might
67670,Adventurer's Stone Of Power
51801,Adventurer's White Nag Harness
56511,All Weapon Critical Benefit II
85185,All-Purpose Sword Wand
48146,Ancient Note of Runes
77729,Architecture Apprentice's Journal
2426,Assembled Naginata
66180,Augmentation Sealer
17574,Azure Mind Crystal
17281,Azure Mind Crystal
99364,Bag of Plat Wand
54788,Bangle of the Eternal Flame
99344,Barbarian Wand
96161,Basic Suspension of Pestilence IX
96162,Basic Suspension of Pestilence X
99332,Basilisk Wand
99335,Bear Wand
85144,Bellikos Potion Wand
99363,Belly Buster Wand
41751,Benefit: Heroic Charisma 12
41720,Benefit: Heroic Charisma 4
41722,Benefit: Heroic Charisma 8
41730,Benefit: Heroic Intelligence 4
41732,Benefit: Heroic Intelligence 8
41735,Benefit: Heroic Stamina 4
41745,Benefit: Heroic Wisdom 4
41747,Benefit: Heroic Wisdom 8
85162,Bertoxxulous Shield Wand
99339,Bixie Wand
43545,Black Chain Shiny Collapsible Roboboar
43529,Black Chain Shiny Collapsible Roboboar
40439,Black Chain Worg Bridle
50941,Black Chitin Leggings
30490,Black Guide Issue Bridle
40440,Black Leather Worg Bridle
40424,Black Leather Worg Bridle
43546,Black Ornate Chain Shiny Collapsible Roboboar
40441,Black Ornate Chain Worg Bridle
102566,Black Shroud of Pennance
43528,Black Silken Shiny Collapsible Roboboar
40426,Black Silken Worg Bridle
40442,Black Silken Worg Bridle
48033,Black Stone
48029,Black Stone
36221,Blade of Cazic Thule
1910,Blood Splattered Veil
18851,Blood Stained Note
18852,Blood Stained Note
18853,Blood Stained Note
18721,Blood Stained Note
18850,Blood Stained Note
89252,Blood-Splattered Dirk
63147,Bloodguard Orders
99366,Blue Diamond Wand
56505,Blunt Critical Benefit II
74894,Boneflow of Pure Battle
75286,Boneflow of Pure Ferocity
40679,Bridle of the Cursed Kirin
73824,Brilliant Fireflow of Healing
75494,Brilliant Titanite of Minor Virility
85174,Broken Bottle Wand
11515,Broken Item4
43549,Brown Chain Shiny Collapsible Roboboar
43533,Brown Chain Shiny Collapsible Roboboar
40443,Brown Chain Worg Bridle
40427,Brown Chain Worg Bridle
50945,Brown Chitin Protector
30491,Brown Guide Issue Bridle
40428,Brown Leather Worg Bridle
21819,Brown Ornate Chain Bridle
40430,Brown Silken Worg Bridle
90042,Calcified Bone Mask of Horror
59133,Chain Cosgrove Chest Seal of the Champion
59216,Chain Cosgrove Helm Seal of the Warchief
139286,Champion's Collar
99340,Chokadai Wand
72878,Citrine of Pure Aggression
97888,Class II Collapsable Roboboar
97889,Class III Collapsable Roboboar
61018,Claw of the Vah Shir
58011,Clear Rock
85189,Coconut Husk Wand
54820,Cold Iron Shield
25587,Cold Steel Breastplate
60289,Coldain Coffee Blend
99368,Common Race Wand
87528,Cooked Cazic Angler
90045,Cracked Bone Mask of Horror
36191,Crate of Poisoned Meat
85187,Creepy Doll Wand
85186,Crossbow Wand
50938,Crown of King Tranix
60976,Crushing Vermillion Dragon Ornament
146904,Crypt-Hunter's Natureward Coif
31851,Da Brick o Ogreing
52545,Da Old Oogly Stick
31861,Da Oogly Stick
85169,Dain Shield Wand
99345,Dark Elf Wand
85182,Dark Elven Bastard Sword Wand
85183,Dark Elven Broadsword Wand
56493,DD Critical II
85192,Dead Tree Branch Wand
10827,Death Elemental
141422,Deepfathom Dragonbrood Armwraps
141420,Deepfathom Dragonbrood Boots
141421,Deepfathom Dragonbrood Cowl
141419,Deepfathom Dragonbrood Gloves
141423,Deepfathom Dragonbrood Leggings
141424,Deepfathom Dragonbrood Tunic
141435,Deepfathom Dragonbrood Wristband
141418,Deepfathom Dragonbrood Wristguard
141336,Deepfathom Exarch Boots
141334,Deepfathom Exarch Bracer
141340,Deepfathom Exarch Breastplate
141335,Deepfathom Exarch Gauntlets
141339,Deepfathom Exarch Greaves
141337,Deepfathom Exarch Helm
141338,Deepfathom Exarch Vambraces
141407,Deepfathom Flameweaver Cap
141405,Deepfathom Flameweaver Gloves
141409,Deepfathom Flameweaver Pants
141410,Deepfathom Flameweaver Robe
141406,Deepfathom Flameweaver Sandals
141408,Deepfathom Flameweaver Sleeves
141404,Deepfathom Flameweaver Wristguard
141400,Deepfathom Frostfire Cap
141398,Deepfathom Frostfire Gloves
141402,Deepfathom Frostfire Pants
141403,Deepfathom Frostfire Robe
141399,Deepfathom Frostfire Sandals
141401,Deepfathom Frostfire Sleeves
141397,Deepfathom Frostfire Wristguard
141327,Deepfathom Illuminator Bracer
141333,Deepfathom Illuminator Breastplate
141322,Deepfathom Legionnaire Boots
141320,Deepfathom Legionnaire Bracer
141326,Deepfathom Legionnaire Breastplate
141321,Deepfathom Legionnaire Gauntlets
141325,Deepfathom Legionnaire Greaves
141323,Deepfathom Legionnaire Helm
141324,Deepfathom Legionnaire Vambraces
141359,Deepfathom Lifewalker Armwraps
141357,Deepfathom Lifewalker Boots
141358,Deepfathom Lifewalker Cowl
141356,Deepfathom Lifewalker Gloves
141360,Deepfathom Lifewalker Leggings
141361,Deepfathom Lifewalker Tunic
141355,Deepfathom Lifewalker Wristguard
141371,Deepfathom Loremaster Boots
141369,Deepfathom Loremaster Bracer
141375,Deepfathom Loremaster Breastplate
141370,Deepfathom Loremaster Gauntlets
141374,Deepfathom Loremaster Greaves
141372,Deepfathom Loremaster Helm
141373,Deepfathom Loremaster Vambraces
141414,Deepfathom Mindlock Cap
141412,Deepfathom Mindlock Gloves
141416,Deepfathom Mindlock Pants
141417,Deepfathom Mindlock Robe
141413,Deepfathom Mindlock Sandals
141415,Deepfathom Mindlock Sleeves
141411,Deepfathom Mindlock Wristguard
141343,Deepfathom Natureward Boots
141347,Deepfathom Natureward Coat
141344,Deepfathom Natureward Coif
141342,Deepfathom Natureward Gauntlets
141346,Deepfathom Natureward Leggings
141345,Deepfathom Natureward Sleeves
141341,Deepfathom Natureward Wristguard
141378,Deepfathom Shadowscale Boots
141382,Deepfathom Shadowscale Coat
141379,Deepfathom Shadowscale Coif
141377,Deepfathom Shadowscale Gauntlets
141381,Deepfathom Shadowscale Leggings
141380,Deepfathom Shadowscale Sleeves
141376,Deepfathom Shadowscale Wristguard
141366,Deepfathom Soulforge Armwraps
141364,Deepfathom Soulforge Boots
141368,Deepfathom Soulforge Chestwraps
141365,Deepfathom Soulforge Cowl
141363,Deepfathom Soulforge Gloves
141367,Deepfathom Soulforge Leggings
141362,Deepfathom Soulforge Wristguard
141348,Deepfathom Soulrender Bracer
141354,Deepfathom Soulrender Breastplate
141353,Deepfathom Soulrender Greaves
141432,Deepfathom Soulrender Wristband
141427,Deepfathom Warmonger Boots
141431,Deepfathom Warmonger Coat
141428,Deepfathom Warmonger Coif
141426,Deepfathom Warmonger Gauntlets
141430,Deepfathom Warmonger Leggings
141429,Deepfathom Warmonger Sleeves
141425,Deepfathom Warmonger Wristguard
54792,Dented Brass Mask
67663,Dirty Green Gemstone
67660,Dirty Green Gemstone
67661,Dirty Green Gemstone
67662,Dirty Green Gemstone
99369,Distillate of Skinspikes Wand
51612,Docleaf's Shattered Shard
81509,Domain Raptor
28096,Doused Fiery Defender
54772,Dragon Bone Bracelet
99346,Drakkin Wand
117531,Dreadweave Soulslaver Gloves
117524,Dreadweave Spiritwalker Gauntlets
85188,Drumstick Wand
90046,Dusty Bone Mask of Horror
52548,Dusty Guktan Pastwatch Eye
99347,Dwarf Wand
31856,Dwarven Keg
99343,Earth Elemental Wand
113762,Elaborate Bounder Armband
113757,Elaborate Bounder Boots
113758,Elaborate Bounder Cuirass
113760,Elaborate Bounder Gloves
113759,Elaborate Bounder Greaves
113761,Elaborate Bounder Helm
113756,Elaborate Bounder Sleeves
113769,Elegant Bounder Armband
113764,Elegant Bounder Boots
113765,Elegant Bounder Cuirass
113767,Elegant Bounder Gloves
113766,Elegant Bounder Greaves
113768,Elegant Bounder Helm
113763,Elegant Bounder Sleeves
85175,Elven Broadsword Wand
85177,Elven Longsword Wand
85178,Elven Scimitar Wand
85181,Elven Spear Wand
85176,Elven Sword Wand
60288,Emblazoned Champion's Hilt
99348,Erudite Wand
54791,Etched Ivory Charm
84549,Eternal Grove Cloth Robe Ornament
1728,Ethereal Bladed Naginata
113783,Extravagant Bounder Armband
113778,Extravagant Bounder Boots
113779,Extravagant Bounder Cuirass
113781,Extravagant Bounder Gloves
113780,Extravagant Bounder Greaves
113782,Extravagant Bounder Helm
113777,Extravagant Bounder Sleeves
54810,Faded Crystalline Blade
54811,Faded Scimitar of the Mistwalker
54809,Faded Silvery War Axe
99333,Fairy Wand
85531,Fake Sword of Illsalin
99342,Female Human Pirate Wand
51613,Fendrakyn's Shattered Shard
85166,Fennin Ro Shield Wand
51602,Fiery Rock
83145,Firestorm Cape
36718,Flaming Staff of Dismal Rage
17909,Forge
117178,Frightweave Gloves of the Unwavering
117177,Frightweave Wristguard of the Unwavering
85148,Froglok Ghost Potion Wand
54802,Frost-Runed Band
54821,Frosted Buckler
54773,Frosted Gauntlets
54803,Frosted Signet Ring
54775,Frostrift Boots
54783,Frostrift Chestplate
54774,Frostrift Gloves
54779,Frostrift Vambraces
54795,Frostwoven Mantle
54790,Frostwoven Pendant
85780,Frozen Acorn
54787,Frozen Circlet
31859,Fuzzy Foothairs
30173,Gant's Remains
4763,Gem Encrusted Sword Hilt
4762,Gemmed Sword Hilt
40422,Ghostrider's Worg Bridle
40421,Ghostrider's Worg Bridle
25266,Giant Sack of Supplies
51604,Glass of Water
60311,Glistening Hilt
99349,Gnome Wand
99338,Goblin Wand
50931,Golden Chitin Bracer
50940,Golden Chitin Vambraces
50936,Golden Efreeti Boots
55622,Gouged Out Ukun Eye
67653,Green Hued Gemstone
67656,Green Hued Gemstone
50943,Green Silken Drape
85184,Griffin Sword Wand
5988,Grimling Commander's Head
55207,Gronk's Sword
99350,Gukta Wand
83144,Guktan Pastwatch Eye
51596,Guktan Tongue
99337,Hadal Wand
99351,Half Elf Wand
52491,Half-Finished Clockwork Blueprints
99352,Halfling Wand
90044,Hardened Bone Mask of Horror
1792,Heavy Locked Chest
124522,Heavy Tailored Legendary Pink Backpack
124603,Heavy Tailored Legendary Pink Pack
124514,Heavy Tailored Legendary Purple Backpack
124595,Heavy Tailored Legendary Purple Pack
124538,Heavy Tailored Legendary White Backpack
124619,Heavy Tailored Legendary White Pack
1775,Heretic's Report
99353,High Elf Wand
60320,Hilt of Eternal Power
85179,Holy Sword Wand
47253,Howling Bloodstained Bulwark
72879,Howlite of Pure Aggression
99354,Human Wand
54812,Ice Crystal Staff
54789,Iceband Trinket
54782,Icy Greaves
54794,Icy Pauldrons
54780,Icy Sleeves
54784,Icy Tunic
54770,Icy Wristbrace
54799,Idol of Many Hands
31862,Iksar Egg
99355,Iksar Wand
99336,Imp Wand
51598,Imp Wings
84520,Insidious Cloth Robe Ornament
113755,Intricate Bounder Armband
113750,Intricate Bounder Boots
113751,Intricate Bounder Cuirass
113753,Intricate Bounder Gloves
113752,Intricate Bounder Greaves
113754,Intricate Bounder Helm
113749,Intricate Bounder Sleeves
67679,Jagged Black Matter Gemstone
67678,Jagged Black Matter Gemstone
67680,Jagged Black Matter Gemstone
67677,Jagged Black Matter Gemstone
85163,Karana Shield Wand
88872,Key To My Heart Shield
6148,Khala Dun Hilt Piece
31858,Kilt of the Northmen
48025,Klok Scaleroot's Note
99334,Kobold Wand
12398,Kurn's Jerky Delight
59409,Leather Cosgrove Sleeve Seal of the Berserker
59438,Leather Cosgrove Wrist Seal of the Archer
55271,Ledian's Pink Tutu
89649,Lepracon's Pot of Gold
85145,Lightning Warrior Potion Wand
99365,Loyalty Token Wand
85168,Luclin Shield Wand
55609,Mabiki's Remains
9937,Mace of the Ordained
99341,Male Human Pirate Wand
47863,Mallet Head
54797,Mammoth Hide Cloak
54781,Mammoth Hide Leggings
51599,Mask of Bones
6837,Mask of the Tundra Walker
107631,Mat 01 - Leather - Dark Teal
107632,Mat 02 - Chain - Dark Teal
107472,Mat 03 - Plate - Black
107679,Mat 03 - Plate - Blue
107518,Mat 03 - Plate - Dark Red
107564,Mat 03 - Plate - Dark Yellow (Olive)
107449,Mat 03 - Plate - Grey
54823,McVaxius` Horn of War
85153,Mithaniel Marr Shield Wand
50944,Mithril Breastplate
50939,Mithril Vambraces
117017,mnk rng face
51735,MRC - CT Focus - Tier I - 5%
51739,MRC - CT Focus - Tier V - 25%
51740,MRC - ID Focus - Tier I - 10%
51744,MRC - ID Focus - Tier V - 50%
51745,MRC - IH Focus - Tier I - 15%
51749,MRC - IH Focus - Tier V - 75%
51750,MRC - MC Focus - Tier I - 5%
51754,MRC - MC Focus - Tier V - 25%
139020,Mud of the Arena
73871,Mudflow of Pure Healing
85147,Nekhon Potion Wand
17765,New Tanaan Kiln
55608,Ngozi's Remains
85152,Nihil Potion Wand
51120,Note to Kintok
99356,Ogre Wand
58058,Orange Rind
67706,Orb of Fury
67705,Orb of Rage
99331,Orc Wand
7985,Ornate Blade Hilt
113748,Ornate Bounder Armband
113743,Ornate Bounder Boots
113744,Ornate Bounder Cuirass
113746,Ornate Bounder Gloves
113745,Ornate Bounder Greaves
113747,Ornate Bounder Helm
113742,Ornate Bounder Sleeves
7986,Ornate Edge Hilt
7988,Ornate Shank Hilt
20261,Pestilence Priest Mace
51600,Pet Collar
99360,PH for item reload
99361,PH for item reload
60977,Piercing Vermillion Dragon Ornament
40673,Ping's Potion Package
40709,Ping's Potion Package
48143,Poison Sac
48035,Poisoned Soul
50933,Polished Mithril Bracer
48129,Polished Symbol of Focus
48125,Polished Symbol of Moon
48126,Polished Symbol of Order
48124,Polished Symbol of Sun
48130,Polished Symbol of Tranquility
31847,Possessed Grimlings Head
146649,Pupil of Stolen Light
139343,Quivering Cube of Goo
85154,Rallos Zek Shield Wand
57248,Real Estate Deed
146629,Reaper's Resort
29893,Recuso File - Closed
50946,Red Dragonscale Armor
14346,Red Glowing Robe
20666,Rejesiam Ore
31852,Ring of Doug
31854,Ring of Halves
55621,Rotting Satchel
54778,Runed Circlet
50937,Runed Mithril Boots
50932,Runed Mithril Bracer
50935,Runed Mithril Gauntlets
51601,Sack of Clay
29622,Saldaren Spear
147279,Sale Sign
17280,Sanguine Mind Crystal
85799,Sanguine Mind Crystal
85156,Saryrn Council Shield Wand
19579,Scaled Bone Hilt
20435,Scribed Note
31855,Scroll of Knowledge
130735,Scroll: Abhorrence Rk. III
130714,Scroll: Abhorrent Sacrifice Rk. III
130804,Scroll: Abolish the Divergent Rk. III
130083,Scroll: Abolish the Undead Rk. III
130968,Scroll: Adrenaline Flood Rk. III
131647,Scroll: Aegis of Alra Rk. III
132083,Scroll: Aegis of Soliadal Rk. III
130926,Scroll: Algid Moonbeam Rk. III
130108,Scroll: Amnesty Rk. III
131351,Scroll: Ancestral Arrangement Rk. III
130478,Scroll: Announced Shots Rk. III
130174,Scroll: Anointed Ground Rk. III
132032,Scroll: Arcanaward's Rune Rk. III
132130,Scroll: Arcane Assault Rk. III
131980,Scroll: Arcane Symbiosis Rk. III
132203,Scroll: Arcane Unity Rk. II
132204,Scroll: Arcane Unity Rk. III
132043,Scroll: Arctender's Aura Rk. II
132044,Scroll: Arctender's Aura Rk. III
132049,Scroll: Arctender's Echo Rk. II
132050,Scroll: Arctender's Echo Rk. III
130385,Scroll: Armor of Formidable Faith Rk. III
131712,Scroll: Armor of the Crystalwing Rk. III
130253,Scroll: Armor of the Zealous Rk. III
130193,Scroll: Armor of Vie Rk. III
130616,Scroll: Arrow Swarm Rk. III
130102,Scroll: Assuage Rk. III
131709,Scroll: Atol's Concussive Shackles Rk. III
132098,Scroll: Attenuating Helix Rk. II
132099,Scroll: Attenuating Helix Rk. III
130436,Scroll: Aurora of Splendor Rk. III
130343,Scroll: Avowed Keeper Rk. III
130096,Scroll: Aweburst Rk. III
132352,Scroll: Bale's Maelstrom Rk. III
131874,Scroll: Beam of Molten Steel Rk. II
131875,Scroll: Beam of Molten Steel Rk. III
131704,Scroll: Beam of Rime Crystals Rk. III
130814,Scroll: Beast's Behest Rk. III
130538,Scroll: Beastwood Ash Rk. III
130863,Scroll: Beastwood Guard Rk. III
132308,Scroll: Beastwood Rampart Rk. II
131516,Scroll: Bestow Decay Rk. III
132267,Scroll: Binaesa Blood Rk. III
131357,Scroll: Bite of the Grendlaen Rk. III
131715,Scroll: Blazelure Rk. III
131659,Scroll: Blazing Beam Rk. III
131603,Scroll: Blazing Shadow Rk. III
130839,Scroll: Blazing Sunray Rk. III
131453,Scroll: Bleed Essence Rk. III
131396,Scroll: Blood of Klar Rk. III
130256,Scroll: Blood of the Adherent Rk. III
131856,Scroll: Bolt of Molten Steel Rk. III
130647,Scroll: Bond of Korum Rk. III
131480,Scroll: Bonemeld Fetish Rk. III
131281,Scroll: Breath of Silbar Rk. III
130412,Scroll: Brell's Adamantine Armor Rk. III
130364,Scroll: Brilliant Light Rk. III
132142,Scroll: Brimstone Potency Rk. III
131542,Scroll: Brimtav's Flashblaze Rk. II
131543,Scroll: Brimtav's Flashblaze Rk. III
132269,Scroll: Brutal Ferocity Rk. II
132270,Scroll: Brutal Ferocity Rk. III
131743,Scroll: Burning Pillar Rk. III
131903,Scroll: Burning Sands Rk. III
131786,Scroll: Burnmaster's Pyroblade Rk. III
131859,Scroll: Burnout X Rk. III
130550,Scroll: Burrcoat Rk. III
131871,Scroll: Burst of Sand Rk. II
131872,Scroll: Burst of Sand Rk. III
130388,Scroll: Burst of Splendor Rk. III
130722,Scroll: Call of Shadow Rk. II
130723,Scroll: Call of Shadow Rk. III
131605,Scroll: Call Skeleton Host Rk. II
131606,Scroll: Call Skeleton Host Rk. III
131486,Scroll: Cascading Bloodshield Rk. III
130808,Scroll: Chant of the Izon Rk. III
131746,Scroll: Chaos Blaze Rk. III
131935,Scroll: Chaotic Assistance Rk. II
131936,Scroll: Chaotic Assistance Rk. III
132091,Scroll: Chaotic Confusion Rk. II
132092,Scroll: Chaotic Confusion Rk. III
131522,Scroll: Chaotic Contagion Rk. III
130976,Scroll: Chill of the Natureward Rk. II
130977,Scroll: Chill of the Natureward Rk. III
131533,Scroll: Chilled Mending Rk. II
131534,Scroll: Chilled Mending Rk. III
130219,Scroll: Chromacleave Rk. II
130220,Scroll: Chromacleave Rk. III
132061,Scroll: Chromaruin Rk. II
132062,Scroll: Chromaruin Rk. III
132022,Scroll: Chromatic Flash Rk. III
131942,Scroll: Circle of Embers Rk. III
131795,Scroll: Claw of the Abyss Rk. III
130505,Scroll: Cloak of Burrs Rk. III
131684,Scroll: Cloudburst Tempest Rk. III
132144,Scroll: Color Convergence Rk. II
132145,Scroll: Color Convergence Rk. III
132067,Scroll: Compelling Edict Rk. II
132068,Scroll: Compelling Edict Rk. III
131650,Scroll: Concussive Barrage Rk. III
132138,Scroll: Confusing Constriction Rk. II
132139,Scroll: Confusing Constriction Rk. III
132123,Scroll: Confusion Rk. II
132124,Scroll: Confusion Rk. III
130420,Scroll: Contrition Rk. II
131628,Scroll: Coruscate Bones Rk. III
130817,Scroll: Crashing Hail Rk. III
130355,Scroll: Crush of Oseka Rk. III
130439,Scroll: Crush of Tides Rk. III
130547,Scroll: Cry of the Predator Rk. III
131749,Scroll: Crystalwing Husk Rk. III
130842,Scroll: Cyclone of the Stormborn Rk. III
130595,Scroll: Deafening Edges Rk. III
131449,Scroll: Decaying Venin Rk. II
132064,Scroll: Declaration of Tashan Rk. II
132065,Scroll: Declaration of Tashan Rk. III
130556,Scroll: Desperate Downpour Rk. III
130750,Scroll: Dire Allegation Rk. III
130753,Scroll: Dire Stenosis Rk. III
130144,Scroll: Divine Guard Rk. III
130147,Scroll: Divine Invocation Rk. III
132147,Scroll: Dizzying Gyre Rk. II
132148,Scroll: Dizzying Gyre Rk. III
131501,Scroll: Doom Rk. III
130725,Scroll: Drape of the Sepulcher Rk. II
130726,Scroll: Drape of the Sepulcher Rk. III
131530,Scroll: Dread Rk. II
131531,Scroll: Dread Rk. III
130481,Scroll: Drifting Veil Rk. III
131456,Scroll: Dusternacht Orb Rk. III
132150,Scroll: Echo of Coercion Rk. II
132151,Scroll: Echo of Coercion Rk. III
130289,Scroll: Elixir of the Beneficent Rk. III
130279,Scroll: Elysian Contravention Rk. II
130280,Scroll: Elysian Contravention Rk. III
131863,Scroll: Embercoat Rk. III
131614,Scroll: Empower Ally Rk. II
131615,Scroll: Empower Ally Rk. III
132290,Scroll: Empowering Warder Rk. II
130845,Scroll: Encompassing Breath Rk. III
132207,Scroll: Enforce Rk. III
130234,Scroll: Eradicate Corruption Rk. II
130235,Scroll: Eradicate Corruption Rk. III
131792,Scroll: Ethereal Blaze Rk. III
130565,Scroll: Eyes of the Raptor Rk. III
130110,Scroll: Faithful Remedy Rk. II
130111,Scroll: Faithful Remedy Rk. III
132000,Scroll: Famished Flames Rk. II
132001,Scroll: Famished Flames Rk. III
130829,Scroll: Fawnwalker's Breeze Rk. III
130273,Scroll: Fervent Renewal Rk. II
130274,Scroll: Fervent Renewal Rk. III
131965,Scroll: Fickle Flames Rk. III
131663,Scroll: Flame Vortex Rk. II
131664,Scroll: Flame Vortex Rk. III
131774,Scroll: Flashflares Rk. III
132255,Scroll: Focus of Klar Rk. III
130619,Scroll: Focused Arrow Swarm Rk. III
130448,Scroll: Force of Oseka Rk. III
130162,Scroll: Fourteenth Catalyst Rk. III
131399,Scroll: Freezing Gift Rk. III
131667,Scroll: Frigid Lure Rk. II
131668,Scroll: Frigid Lure Rk. III
131718,Scroll: Frost Snap Rk. III
131798,Scroll: Frost Torrent Rk. III
131801,Scroll: Frost Vortex Rk. III
130890,Scroll: Frostcloak Aura Rk. III
132327,Scroll: Frostrift Lance Rk. II
132330,Scroll: Frostrift Roar Rk. II
132318,Scroll: Frozen Cyanin Rk. II
130610,Scroll: Galvanized by the Hunt Rk. III
130261,Scroll: Galvos' Retort Rk. II
130262,Scroll: Galvos' Retort Rk. III
131967,Scroll: Gather Capacity Rk. II
131968,Scroll: Gather Capacity Rk. III
130644,Scroll: Ghoul Skin Rk. III
131536,Scroll: Ghoulskin Rk. II
131537,Scroll: Ghoulskin Rk. III
130692,Scroll: Gift of Urash Rk. III
130553,Scroll: Gladewalker's Vigor Rk. III
130237,Scroll: Glorious Admonition Rk. II
130238,Scroll: Glorious Admonition Rk. III
130451,Scroll: Glorious Exculpation Rk. III
136457,Scroll: Glorious Expurgation Rk. III
131375,Scroll: Gotikan's Mending Rk. III
131327,Scroll: Gotikan's Recourse Rk. III
132070,Scroll: Governing Aura Rk. II
132071,Scroll: Governing Aura Rk. III
131950,Scroll: Grant Frostrift Paradox Rk. II
131951,Scroll: Grant Frostrift Paradox Rk. III
130484,Scroll: Grasping Nettlecoat Rk. III
136503,Scroll: Grasping Spurcoat
136504,Scroll: Grasping Spurcoat Rk. II
136505,Scroll: Grasping Spurcoat Rk. III
130820,Scroll: Grip of Ro Rk. III
131464,Scroll: Grip of Zargo Rk. III
131360,Scroll: Halcyon Breath Rk. III
132055,Scroll: Halcyon Mind Rk. II
132056,Scroll: Halcyon Mind Rk. III
130222,Scroll: Hand of Faithful Infusion Rk. II
130223,Scroll: Hand of Faithful Infusion Rk. III
130454,Scroll: Hand of the Avowed Keeper Rk. III
132174,Scroll: Hastening of Aransir Rk. II
132175,Scroll: Hastening of Aransir Rk. III
130541,Scroll: Heartrip Rk. III
130601,Scroll: Heartslash Rk. III
130826,Scroll: Heliacal Flare Rk. III
130935,Scroll: Hide of the Reptile Rk. III
131381,Scroll: Hoodoo Rk. III
130881,Scroll: Horde of Vespids Rk. III
132132,Scroll: Horrifying Rune Rk. II
132133,Scroll: Horrifying Rune Rk. III
131507,Scroll: Hral's Swift Deconstruction Rk. III
131620,Scroll: Hral's Swift Lifedraw Rk. II
131621,Scroll: Hral's Swift Lifedraw Rk. III
131466,Scroll: Hyboram's Swift Venom Rk. II
131467,Scroll: Hyboram's Swift Venom Rk. III
131944,Scroll: Iceflame Armor Rk. II
131945,Scroll: Iceflame Armor Rk. III
131587,Scroll: Ignite Potential Rk. II
131588,Scroll: Ignite Potential Rk. III
130231,Scroll: Infallible Hammer of Zeal Rk. II
130232,Scroll: Infallible Hammer of Zeal Rk. III
130114,Scroll: Infusion of the Faithful Rk. III
130677,Scroll: Insidious Audacity Rk. III
130982,Scroll: Invigoration Rk. II
130983,Scroll: Invigoration Rk. III
131420,Scroll: Issuance of Malos Rk. III
132227,Scroll: Issuance of Mana Repercussion Rk. II
132228,Scroll: Issuance of Mana Repercussion Rk. III
131596,Scroll: Ivrikdal's Command Rk. II
131597,Scroll: Ivrikdal's Command Rk. III
131473,Scroll: Ivrikdal's Grasp Rk. III
131554,Scroll: Ivrikdal's Pallid Haze Rk. II
131555,Scroll: Ivrikdal's Pallid Haze Rk. III
131674,Scroll: Katelanama Rk. III
130653,Scroll: Korum's Bite Rk. III
131695,Scroll: Leap of Plasma Rk. III
130955,Scroll: Legacy of Spineburrs Rk. II
130956,Scroll: Legacy of Spineburrs Rk. III
132156,Scroll: Legion of Tonmek Rk. II
132157,Scroll: Legion of Tonmek Rk. III
130366,Scroll: Lesson of Remorse Rk. II
130367,Scroll: Lesson of Remorse Rk. III
131727,Scroll: Lightning Swarm Rk. III
130544,Scroll: Lingering Veil Rk. III
130973,Scroll: Lunalleviation Rk. II
130974,Scroll: Lunalleviation Rk. III
130860,Scroll: Lunar Chill Rk. III
131808,Scroll: Maelstrom of Power Rk. III
131789,Scroll: Magmatic Outburst Rk. III
131278,Scroll: Maloseneta Rk. III
132178,Scroll: Mana Repercussion Aura Rk. II
132179,Scroll: Mana Repercussion Aura Rk. III
132105,Scroll: Mana Repercussion Rk. II
132106,Scroll: Mana Repercussion Rk. III
130153,Scroll: Mark of Erion Rk. III
130337,Scroll: Mark of Ragan Rk. III
130228,Scroll: Mark of the Adherent Rk. II
130229,Scroll: Mark of the Adherent Rk. III
130414,Scroll: Mark of the Reverent Rk. II
130415,Scroll: Mark of the Reverent Rk. III
130964,Scroll: Mask of the Thicket Dweller Rk. II
130965,Scroll: Mask of the Thicket Dweller Rk. III
131971,Scroll: Mass Arcane Transvergence Rk. III
132258,Scroll: Mea's Aggression Rk. III
132260,Scroll: Mea's Protection Rk. II
132261,Scroll: Mea's Protection Rk. III
132276,Scroll: Mending of the Izon Rk. III
131590,Scroll: Mind Abrasion Rk. II
131591,Scroll: Mind Abrasion Rk. III
132184,Scroll: Mind Spiral Rk. II
132185,Scroll: Mind Spiral Rk. III
132190,Scroll: Mindscythe Rk. II
132191,Scroll: Mindscythe Rk. III
130711,Scroll: Minion of Sholoth Rk. III
132040,Scroll: Mislead Rk. II
132041,Scroll: Mislead Rk. III
132019,Scroll: Misleading Flash Rk. III
130340,Scroll: Mollify Rk. III
131929,Scroll: Molten Veil Rk. II
131930,Scroll: Molten Veil Rk. III
131504,Scroll: Mortification Rk. III
130929,Scroll: Myconid Assault Rk. III
131417,Scroll: Naeya Blood Rk. III
131599,Scroll: Naeya Venom Rk. II
131600,Scroll: Naeya Venom Rk. III
132249,Scroll: Natural Collaboration Rk. III
130991,Scroll: Nature's Scorching Wrath Rk. II
130992,Scroll: Nature's Scorching Wrath Rk. III
130832,Scroll: Nature's Tranquility Rk. III
131561,Scroll: Necrotic Sores Rk. III
131631,Scroll: Necrotizing Wounds Rk. II
131632,Scroll: Necrotizing Wounds Rk. III
131387,Scroll: Nectar of Sholoth Rk. III
131402,Scroll: Pack of Hilnaah Rk. III
130331,Scroll: Paean Rk. III
132165,Scroll: Peaceful Wave Rk. II
132166,Scroll: Peaceful Wave Rk. III
130090,Scroll: Perfected Blood Rk. III
130731,Scroll: Perfidious Blight Rk. II
130732,Scroll: Perfidious Blight Rk. III
131408,Scroll: Phantom of Renewal Rk. III
132085,Scroll: Placid Issuance Rk. II
132086,Scroll: Placid Issuance Rk. III
130680,Scroll: Plague of Piqiorn Rk. III
131363,Scroll: Poanag's Pandemic Rk. III
132198,Scroll: Polyarcanic Rune Rk. III
131733,Scroll: Power Vortex Rk. III
132101,Scroll: Premeditation Rk. II
132102,Scroll: Premeditation Rk. III
130457,Scroll: Preservation of Oseka Rk. III
131354,Scroll: Progenitor's Intervention Rk. III
131849,Scroll: Promised Amendment Rk. II
131850,Scroll: Promised Amendment Rk. III
130199,Scroll: Promised Restitution Rk. III
130866,Scroll: Promised Revitalization Rk. III
130604,Scroll: Protection of the Copse Rk. III
130463,Scroll: Protective Dedication Rk. III
131609,Scroll: Provocation for Blood Rk. III
130348,Scroll: Provocation for Honor Rk. II
130349,Scroll: Provocation for Honor Rk. III
130665,Scroll: Provocation for Power Rk. III
130607,Scroll: Provoking Shot Rk. III
131569,Scroll: Prox's Swift Sickness Rk. II
131570,Scroll: Prox's Swift Sickness Rk. III
130496,Scroll: Purespring Rk. III
130319,Scroll: Purify Rk. III
131566,Scroll: Pyre of Hazarak Rk. II
131567,Scroll: Pyre of Hazarak Rk. III
131545,Scroll: Pyre of the Piq'a Rk. II
131546,Scroll: Pyre of the Piq'a Rk. III
131470,Scroll: Quivering Veil of Fal`Kaa Rk. III
131887,Scroll: Rain of Molten Steel Rk. III
131956,Scroll: Rain of Razors Rk. II
131957,Scroll: Rain of Razors Rk. III
130294,Scroll: Rallied Armor of Vie Rk. II
130295,Scroll: Rallied Armor of Vie Rk. III
131411,Scroll: Reckless Remedy Rk. III
130271,Scroll: Rejuvenating Splash Rk. III
130417,Scroll: Rejuvenating Steel Rk. II
130418,Scroll: Rejuvenating Steel Rk. III
130159,Scroll: Remonstrance Rk. III
132058,Scroll: Remote Color Convergence Rk. II
132059,Scroll: Remote Color Convergence Rk. III
130899,Scroll: Remote Sunburst Rk. III
131916,Scroll: Renewal of Sirqo Rk. II
131366,Scroll: Renewing Counterbias Rk. III
130357,Scroll: Reprimand Rk. II
130358,Scroll: Reprimand Rk. III
130087,Scroll: Rescind Corruption Rk. III
130372,Scroll: Righteous Audacity Rk. II
130373,Scroll: Righteous Audacity Rk. III
131783,Scroll: Rime Cascade Rk. III
130523,Scroll: Rime-laced Wind Rk. III
130887,Scroll: Roar of Kolos Rk. III
132305,Scroll: Rotsil's Bite Rk. II
132306,Scroll: Rotsil's Bite Rk. III
132029,Scroll: Rune of Tonmek Rk. III
132076,Scroll: Runic Glow Aura Rk. II
132077,Scroll: Runic Glow Aura Rk. III
131974,Scroll: Ruthless Servant Rk. III
132263,Scroll: Salve of Yubai Rk. II
132264,Scroll: Salve of Yubai Rk. III
130857,Scroll: Sanavida Rk. III
131959,Scroll: Scalding Blast Rk. II
131960,Scroll: Scalding Blast Rk. III
131510,Scroll: Scent of Nightfall Rk. III
132373,Scroll: Scream at the Moon Rk. III
132193,Scroll: Sedative Stare Rk. II
132194,Scroll: Sedative Stare Rk. III
131823,Scroll: Self-Devastation Rk. III
130205,Scroll: Sermon of Condemnation Rk. III
132026,Scroll: Seronvall's Animation Rk. III
131737,Scroll: Shademist Guard Rk. III
131539,Scroll: Shadeslither Manacles Rk. II
131540,Scroll: Shadeslither Manacles Rk. III
130574,Scroll: Shadowcoat Rk. III
132169,Scroll: Shadowed Rune Rk. III
131557,Scroll: Shadowside Rk. II
131558,Scroll: Shadowside Rk. III
132349,Scroll: Shared Brutal Ferocity Rk. III
130571,Scroll: Shared Cloak of Burrs Rk. III
130502,Scroll: Shield of Bramblespikes Rk. III
131447,Scroll: Shield of Bronze Rk. III
130243,Scroll: Shining Armor Rk. II
131889,Scroll: Shock of Argathian Steel Rk. II
131890,Scroll: Shock of Argathian Steel Rk. III
130635,Scroll: Sholothian Horror Rk. III
130683,Scroll: Shroud of the Shadeborne Rk. III
131513,Scroll: Sigil of the Preternatural Rk. III
132278,Scroll: Silbar's Endemic Rk. II
132279,Scroll: Silbar's Endemic Rk. III
130240,Scroll: Silent Mandate Rk. II
130241,Scroll: Silent Mandate Rk. III
130920,Scroll: Silver Frost Rk. III
130905,Scroll: Skin to Foliage Rk. III
132038,Scroll: Slivered Consciousness Rk. III
130208,Scroll: Sound of Fervor Rk. III
131977,Scroll: Spear of Molten Steel Rk. III
130728,Scroll: Spear of Sholoth Rk. II
130729,Scroll: Spear of Sholoth Rk. III
132035,Scroll: Speed of Aransir Rk. III
131548,Scroll: Sphere of Withering Rk. II
131549,Scroll: Sphere of Withering Rk. III
130851,Scroll: Spineburr Bulwark Rk. III
130884,Scroll: Spineburr Coat Rk. III
132339,Scroll: Spirit of Bale Rk. II
132340,Scroll: Spirit of Bale Rk. III
130798,Scroll: Spirit of the Indomitable Rk. III
132346,Scroll: Spiritual Enrichment Rk. III
132282,Scroll: Spiritual Valiance Rk. III
131893,Scroll: Splash of Molten Steel Rk. III
131829,Scroll: Splash of Phenocrysts Rk. III
130409,Scroll: Splash of Purification Rk. III
131881,Scroll: Splendrous Guardian Rk. III
131730,Scroll: Staccato Lightning Rk. III
131995,Scroll: Steelbound Bodyguard Rk. III
131925,Scroll: Steelstance Rk. II
131926,Scroll: Steelstance Rk. III
130961,Scroll: Sterlingfrost Crystals Rk. II
130962,Scroll: Sterlingfrost Crystals Rk. III
130315,Scroll: Stoic Stance Rk. II
130316,Scroll: Stoic Stance Rk. III
130958,Scroll: Stonebark Blessing Rk. II
130959,Scroll: Stonebark Blessing Rk. III
130854,Scroll: Stonebark Skin Rk. III
131393,Scroll: Stranglefang's Venom Rk. III
130520,Scroll: Strength of the Gladetender Rk. III
131877,Scroll: Strike of Many Rk. II
131878,Scroll: Strike of Many Rk. III
132095,Scroll: Suffocation Rk. II
132096,Scroll: Suffocation Rk. III
130953,Scroll: Summer Zenith Rk. III
130577,Scroll: Summer's Squall Rk. III
131985,Scroll: Summon Exigent Minion Rk. II
131986,Scroll: Summon Exigent Minion Rk. III
131919,Scroll: Summon Exigent Servant Rk. II
131920,Scroll: Summon Exigent Servant Rk. III
130944,Scroll: Sunbreeze Blessing Rk. III
130950,Scroll: Sunscorch Rk. III
130671,Scroll: Suppurating Darkness Rk. III
131992,Scroll: Surge of Arcanum Rk. III
130985,Scroll: Surge of Spineburrs Rk. II
130986,Scroll: Surge of Spineburrs Rk. III
130369,Scroll: Symbol of Erillion Rk. II
130370,Scroll: Symbol of Erillion Rk. III
131426,Scroll: Talisman of Kolos' Unity Rk. III
130811,Scroll: Talisman of the Indomitable Rk. III
131287,Scroll: Talisman of the Lion Rk. III
131671,Scroll: Tears of Daevan Rk. III
132216,Scroll: Tears of Wreliard Rk. III
130093,Scroll: Tectonic Tremor Rk. III
131832,Scroll: Telanama Rk. III
130659,Scroll: Terror of Desalin Rk. III
131835,Scroll: Thricewoven Potential Rk. III
130779,Scroll: Touch of Piqiorn Rk. II
130780,Scroll: Touch of Piqiorn Rk. III
130776,Scroll: Touch of Urash Rk. II
130777,Scroll: Touch of Urash Rk. III
131460,Scroll: Ulork's Decay Rk. II
131461,Scroll: Ulork's Decay Rk. III
130801,Scroll: Unfettered Growth Rk. III
130304,Scroll: Unified Credence Rk. III
130276,Scroll: Unified Hand of Credence Rk. II
130277,Scroll: Unified Hand of Credence Rk. III
130258,Scroll: Unified Hand of the Triumvirate Rk. II
130259,Scroll: Unified Hand of the Triumvirate Rk. III
131293,Scroll: Unity of Kolos Rk. III
130300,Scroll: Unity of the Triumvirate Rk. II
130301,Scroll: Unity of the Triumvirate Rk. III
131572,Scroll: Unwitting Sacrifice Rk. II
131573,Scroll: Unwitting Sacrifice Rk. III
130490,Scroll: Veil of Alaris Rk. III
130499,Scroll: Vespid Swarm Rk. III
131752,Scroll: Villification of Havoc Rk. III
130835,Scroll: Vinespur Rk. III
131584,Scroll: Viscous Darkness Rk. II
131585,Scroll: Viscous Darkness Rk. III
132219,Scroll: Voice of Premeditation Rk. III
130129,Scroll: Vow of Veneration Rk. III
130211,Scroll: Vow of Vitriol Rk. III
131895,Scroll: Wand of Arcane Transvergence Rk. II
131896,Scroll: Wand of Arcane Transvergence Rk. III
132221,Scroll: Ward of Arctending Rk. II
132222,Scroll: Ward of Arctending Rk. III
131429,Scroll: Ward of Reconstruction Rk. III
130165,Scroll: Ward of Recrimination Rk. III
130432,Scroll: Wave of Contrition Rk. II
130433,Scroll: Wave of Contrition Rk. III
130535,Scroll: Wild Balm Rk. III
130872,Scroll: Wildblaze Aura Rk. III
131676,Scroll: Wildspark Barrage Rk. II
131677,Scroll: Wildspark Barrage Rk. III
130911,Scroll: Winter's Sear Rk. III
130695,Scroll: Worag's Covenant Rk. III
130122,Scroll: Word of Recuperation Rk. II
130123,Scroll: Word of Recuperation Rk. III
130297,Scroll: Word of Rehabilitation Rk. II
130298,Scroll: Word of Rehabilitation Rk. III
132386,Scroll: Yahnoa's Feralgia Rk. III
130137,Scroll: Yaulp XII Rk. II
130138,Scroll: Yaulp XII Rk. III
132284,Scroll: Yurv's Mending Rk. II
132285,Scroll: Yurv's Mending Rk. III
130391,Scroll: Zealous Cleansing Rk. III
130150,Scroll: Zealous Elixir Rk. III
130328,Scroll: Zealous Force Rk. III
130442,Scroll: Zealous Fury Rk. III
130171,Scroll: Zealous Light Rk. III
130322,Scroll: Zealous Purity Rk. III
130325,Scroll: Zealous Touch Rk. III
62813,Sealed Collection Bag
51603,Second Breath
14442,Serpent's Conviction
84062,Shadow Spine
28211,Shadowhide Pants
29825,Shadowscream Boot Case
8835,Shaped Oak 1-Cam Bow
8823,Shaped Oak 1-Cam Bow
8829,Shaped Oak 1-Cam Bow
85170,Shar Vahl Shield Wand
139116,Sharpened Conduit
54822,Shield of Living Ice
85150,Shiliskin Potion Wand
42987,Shiny New Class IV Collapsable Roboboar
29064,Shipment of Velium Ore
85149,Shissar Potion Wand
4320,Shroud of the Undine
60736,Silk Cosgrove Helm Seal of the Cutpurse
60705,Silk Cosgrove Sleeve Seal of the Stargazer
60614,Silk Cosgrove Sleeve Seal of the Warmonger
60636,Silk Cosgrove Wrist Seal of the Champion
60594,Silk Cosgrove Wrist Seal of the Plague Bringer
85171,Silver Fork Wand
85172,Silver Knife Wand
85173,Silver Spoon Wand
113741,Simple Bounder Armband
113736,Simple Bounder Boots
113737,Simple Bounder Cuirass
113739,Simple Bounder Gloves
113738,Simple Bounder Greaves
113740,Simple Bounder Helm
113735,Simple Bounder Sleeves
66381,Simple Waterproofing Oil
85143,Siren Potion Wand
73872,Skyflow of Pure Healing
60975,Slashing Vermillion Dragon Ornament
17203,Small Coin Purse
23363,Small Round Shield
23364,Small Targ Shield
67666,Smokey Green Gemstone
67665,Smokey Green Gemstone
67667,Smokey Green Gemstone
67668,Smokey Green Gemstone
67684,Smooth Black Matter Gemstone
67683,Smooth Black Matter Gemstone
67682,Smooth Black Matter Gemstone
67681,Smooth Black Matter Gemstone
1635,Solidified Essence of Fear
85167,Solusek Ro Shield Wand
125701,Song: Alleviating Accelerando Rk. III
131146,Song: Arcane Address Rk. III
125734,Song: Arcane Chorus Rk. III
125647,Song: Aria of Amelioration Rk. III
131059,Song: Aria of Impeccability Rk. III
125650,Song: Aria of the Composer Rk. III
131062,Song: Aria of the Orator Rk. III
131104,Song: Assuaging Accelerando Rk. III
131083,Song: Aura of Lunanyn Rk. III
125674,Song: Aura of Renewal Rk. III
125743,Song: Aura of the Composer Rk. III
131155,Song: Aura of the Orator Rk. III
131107,Song: Chorus of Lunanyn Rk. III
125704,Song: Chorus of Renewal Rk. III
131125,Song: Daevan's Aria Rk. III
131182,Song: Daevan's Chant of Flame Rk. III
125748,Song: Denon's Dirge of Disruption Rk. II
125749,Song: Denon's Dirge of Disruption Rk. III
125680,Song: Dirge of Dreams Rk. III
131089,Song: Echo of Lunanyn Rk. III
125683,Song: Echo of Renewal Rk. III
125751,Song: Echo of the Composer Rk. II
131161,Song: Echo of the Orator Rk. III
125688,Song: Fatesong of Fergar Rk. II
125689,Song: Fatesong of Fergar Rk. III
131097,Song: Fatesong of Illdaera Rk. II
131098,Song: Fatesong of Illdaera Rk. III
125692,Song: Fergar's Chant of Frost Rk. III
131128,Song: Hiqork's Chant of Poison Rk. III
131167,Song: Hykast's Insult Rk. III
131116,Song: Hykast's Song of Suffering Rk. III
131100,Song: Kalbrok's Chant of Frost Rk. II
131101,Song: Kalbrok's Chant of Frost Rk. III
131176,Song: Kolain's Lively Crescendo Rk. III
131095,Song: Lapsing Lullaby Rk. III
131065,Song: Lullaby of the Forlorn Rk. III
125653,Song: Lullaby of the Lost Rk. III
125758,Song: Lyrin's Insult Rk. III
125707,Song: Lyrin's Psalm of Potency Rk. III
125761,Song: Lyrin's Spiteful Lyric Rk. III
125766,Song: Lyssa's Lively Crescendo Rk. II
125767,Song: Lyssa's Lively Crescendo Rk. III
125710,Song: Noira's Song of Suffering Rk. III
131134,Song: Oratory of Invitation Rk. III
131131,Song: Oratory of Opposition Rk. III
131068,Song: Pulse of Lunanyn Rk. III
125656,Song: Pulse of Renewal Rk. III
125659,Song: Rumbling Barrier Rk. III
131113,Song: Ryken's Reckless Renewal Rk. III
125665,Song: Shiverback's Chant of Disease Rk. III
125668,Song: Silence of the Dreamer Rk. III
131080,Song: Silence of the Windsong Rk. III
125716,Song: Sionachie's Spry Sonata Rk. III
125695,Song: Sionachie's Sympathetic Psalm Rk. III
131137,Song: Slumber of Kolain Rk. III
125724,Song: Slumber of Sionachie Rk. II
125725,Song: Slumber of Sionachie Rk. III
125671,Song: Song of Recalcitrance Rk. III
125718,Song: Sotor's Aria Rk. II
125719,Song: Sotor's Aria Rk. III
125772,Song: Sotor's Chant of Flame Rk. II
125773,Song: Sotor's Chant of Flame Rk. III
125722,Song: Spinechiller's Chant of Poison Rk. III
131122,Song: Terasal's Spry Sonata Rk. III
131071,Song: Thunderous Barrier Rk. III
131140,Song: Voice of Kolain Rk. III
125727,Song: Voice of Sionachie Rk. II
125728,Song: Voice of Sionachie Rk. III
114256,Song: War Chorus of Protan Rk. III
125731,Song: War March of Dagda Rk. III
131143,Song: War March of Illdaera Rk. III
131077,Song: Wasinai's Chant of Disease Rk. III
131110,Song: Wasinai's Psalm of Potency Rk. III
125775,Song: Wave of Dreams Rk. II
125776,Song: Wave of Dreams Rk. III
131185,Song: Wave of the Conductor Rk. III
60290,Special Beans
125565,Spell: Adrenaline Blast Rk. III
126211,Spell: Aegis of Lithara Rk. III
126635,Spell: Aegis of Zykean Rk. III
125247,Spell: Amygdalan Horror Rk. III
125928,Spell: Ancestral Covenant Rk. III
125398,Spell: Annihilate the Divergent Rk. III
124792,Spell: Appease Rk. III
126159,Spell: Arachne's Command Rk. III
126044,Spell: Arachne's Grasp Rk. III
126117,Spell: Arachne's Pallid Haze Rk. III
125546,Spell: Arboreal Absolution Rk. III
126162,Spell: Argendev's Venom Rk. III
125559,Spell: Argent Crystals Rk. III
125513,Spell: Argent Frost Rk. III
125021,Spell: Armor of Implacable Faith Rk. III
124895,Spell: Armor of the Earnest Rk. III
125931,Spell: Ascendant's Intervention Rk. III
125054,Spell: Aurora of Daybreak Rk. III
124786,Spell: Awecrash Rk. III
126602,Spell: Baffle Rk. III
126605,Spell: Baffler's Aura Rk. III
126685,Spell: Baffling Constriction Rk. III
126580,Spell: Baffling Flash Rk. III
125256,Spell: Banshee Skin Rk. III
126467,Spell: Beam of Daggers Rk. III
126269,Spell: Beam of Permafrost Rk. III
126443,Spell: Beam of Rhyolite Rk. III
125410,Spell: Beast's Beguiling Rk. III
125450,Spell: Benevida Rk. III
126087,Spell: Bestow Unlife Rk. III
125934,Spell: Bite of the Blightwolf Rk. III
125135,Spell: Biting Wind Rk. III
126307,Spell: Blazing Pillar Rk. III
126470,Spell: Blazing Sands Rk. III
126473,Spell: Blazing Skin Rk. III
125556,Spell: Blessing of the Timbercore Rk. III
124768,Spell: Blessing of Will Rk. III
126027,Spell: Blighted Venin Rk. III
126165,Spell: Blistering Shadow Rk. III
125970,Spell: Blood of Corbeth Rk. III
125274,Spell: Blood of Malthiasiss Rk. III
124898,Spell: Blood of the Devout Rk. III
126831,Spell: Bolstering Warder Rk. III
126425,Spell: Bolt of Rhyolite Rk. III
125259,Spell: Bond of Malthiasiss Rk. III
125444,Spell: Bonebriar Bulwark Rk. III
125474,Spell: Bonebriar Coat Rk. III
126050,Spell: Bonestitch Manikin Rk. II
126051,Spell: Bonestitch Manikin Rk. III
125438,Spell: Bracing Breath Rk. III
126243,Spell: Brainfreeze Rk. III
125867,Spell: Breath of the Shiverback Rk. III
125042,Spell: Brell's Tellurian Rampart Rk. III
126688,Spell: Brimstone Brawn Rk. III
126638,Spell: Bucolic Aura Rk. III
126611,Spell: Bucolic Mind Rk. III
126041,Spell: Burlabis' Swift Venom Rk. III
125150,Spell: Burning Ash Rk. III
126491,Spell: Burning Veil Rk. III
126428,Spell: Burnout IX Rk. III
125024,Spell: Burst of Daybreak Rk. III
125320,Spell: Call of Dusk Rk. III
126168,Spell: Call Skeleton Crush Rk. III
125102,Spell: Called Shots Rk. III
126883,Spell: Callous Ferocity Rk. III
126057,Spell: Cascading Deathshield Rk. III
124922,Spell: Celestial Contravention Rk. III
124844,Spell: Celestial Intervention Rk. III
125401,Spell: Chant of the Tae Ew Rk. III
126310,Spell: Chaos Char Rk. III
126644,Spell: Chaotic Baffling Rk. III
126497,Spell: Chaotic Blessing Rk. III
126614,Spell: Chromarcana Rk. III
124868,Spell: Chromarend Rk. III
126583,Spell: Chromatic Jab Rk. III
126503,Spell: Circle of Dreamfire Rk. III
126617,Spell: Clamor of Tashan Rk. III
126446,Spell: Clash of Many Rk. III
124964,Spell: Cleanse Rk. III
125120,Spell: Cloak of Quills Rk. III
126252,Spell: Cloudburst Storm Rk. III
126449,Spell: Cognitive Guardian Rk. III
126691,Spell: Color Clash Rk. III
126171,Spell: Compel for Blood Rk. III
126214,Spell: Concussive Burst Rk. III
125277,Spell: Confrontation for Power Rk. III
126648,Spell: Constrict Rk. III
126223,Spell: Corona Beam Rk. III
125204,Spell: Crackling Edges Rk. III
124994,Spell: Crush of Marr Rk. III
125057,Spell: Crush of Repentance Rk. III
126313,Spell: Crystalwing Carapace Rk. III
125335,Spell: Curse of Enfeeblement Rk. III
126651,Spell: Curtailing Helix Rk. III
125413,Spell: Cyclonic Hail Rk. III
126120,Spell: Darkside Rk. III
125477,Spell: Daybreak Rk. III
126886,Spell: Deadlock Jaws Rk. III
126619,Spell: Deception Rk. II
126620,Spell: Deception Rk. III
126072,Spell: Demise Rk. III
124997,Spell: Denouncement Rk. III
126316,Spell: Denunciation of Havoc Rk. III
126274,Spell: Dermis of the Crystalwing Rk. III
125283,Spell: Despairing Darkness Rk. III
125168,Spell: Desperate Deluge Rk. III
125171,Spell: Devastating Edges Rk. III
124874,Spell: Devout Hammer of Zeal Rk. III
125338,Spell: Dire Accusation Rk. III
125341,Spell: Dire Restriction Rk. III
126093,Spell: Dismay Rk. III
124877,Spell: Dissolve Corruption Rk. III
126030,Spell: Divert Essence Rk. III
124810,Spell: Divine Fortitude Rk. III
124943,Spell: Divine Intercession Rk. III
126694,Spell: Dizzying Helix Rk. III
125326,Spell: Drape of Fear Rk. III
126432,Spell: Dreamfire Coat Rk. III
125108,Spell: Drifting Cloud Rk. III
126033,Spell: Dunkelnacht Orb Rk. III
124901,Spell: Ealdun's Mark Rk. III
125027,Spell: Earnest Cleansing Rk. III
124813,Spell: Earnest Elixir Rk. III
124973,Spell: Earnest Force Rk. III
125060,Spell: Earnest Fury Rk. III
124834,Spell: Earnest Light Rk. III
124967,Spell: Earnest Purity Rk. III
124774,Spell: Earnest Remedy Rk. III
124970,Spell: Earnest Touch Rk. III
126697,Spell: Echo of Subjugation Rk. III
124976,Spell: Elegy Rk. III
124931,Spell: Elixir of the Ardent Rk. III
126177,Spell: Energize Ally Rk. III
114527,Spell: Ensnaring Bite Rk. III
126335,Spell: Ethereal Glaciation Rk. III
126356,Spell: Ethereal Inferno Rk. III
124771,Spell: Exonerate Rk. III
125459,Spell: Eyes of the Winter Hawk Rk. III
125177,Spell: Eyes of the Wolf Rk. III
125891,Spell: Feralescense Rk. III
126526,Spell: Fickle Flare Rk. III
124904,Spell: Fintar's Retort Rk. III
126228,Spell: Fire Vortex Rk. III
126277,Spell: Flamelure Rk. III
126338,Spell: Flashpyre Rk. III
126794,Spell: Focus of Emiq Rk. II
126795,Spell: Focus of Emiq Rk. III
125231,Spell: Focused Tempest of Arrows Rk. III
126038,Spell: Folasar's Decay Rk. III
125066,Spell: Force of Marr Rk. III
126654,Spell: Forethought Rk. III
126280,Spell: Freezing Snap Rk. III
124916,Spell: Frenzied Renewal Rk. III
125483,Spell: Frostfell Aura Rk. III
125973,Spell: Frozen Gift Rk. III
126852,Spell: Frozen Venin Rk. II
126853,Spell: Frozen Venin Rk. III
125180,Spell: Fusillade of Arrows Rk. III
126529,Spell: Gather Potential Rk. III
126096,Spell: Gelid Mending Rk. III
125519,Spell: Gelid Moonbeam Rk. III
125295,Spell: Gift of Dyalgem Rk. III
125298,Spell: Gixblat's Covenant Rk. III
126347,Spell: Glacial Cascade Rk. III
126359,Spell: Glacial Claw Rk. III
126862,Spell: Glacial Lance Rk. III
126234,Spell: Glacial Lure Rk. III
126865,Spell: Glacial Roar Rk. III
124880,Spell: Glorious Censure Rk. III
125069,Spell: Glorious Exoneration Rk. III
125344,Spell: Gorgon Skin Rk. III
125329,Spell: Gorgon Spear Rk. III
126512,Spell: Grant Glacial Paradox Rk. III
125416,Spell: Grasp of Ro Rk. III
126099,Spell: Grimskin Rk. III
126868,Spell: Growl of the Tiger Rk. III
126362,Spell: Hail Torrent Rk. III
125937,Spell: Halcyon Gust Rk. III
124919,Spell: Hand of Reliance Rk. III
124807,Spell: Hand of Will Rk. III
126721,Spell: Hastening of Novak Rk. III
124913,Spell: Healing Splash Rk. III
125153,Spell: Heartrend Rk. III
125210,Spell: Heartslice Rk. III
125955,Spell: Hex Rk. III
125471,Spell: Horde of Scoriae Rk. III
115735,Spell: Hungry Flames Rk II
115736,Spell: Hungry Flames Rk III
125958,Spell: Ice Floe Rk. III
126365,Spell: Ice Vortex Rk. III
126506,Spell: Iceflame Ward Rk. III
126837,Spell: Incomparable Velocity Rk. III
125219,Spell: Infuriating Shot Rk. III
125350,Spell: Insidious Blight Rk. III
125222,Spell: Invigorated by the Hunt Rk. III
125126,Spell: Jolting Edges Rk. III
126813,Spell: Jorra's Mending Rk. III
125003,Spell: Joyous Light Rk. III
125940,Spell: Kralbor's Pandemic Rk. III
126892,Spell: Kron's Maelstrom Rk. III
126260,Spell: Leap of Corposantum Rk. III
125553,Spell: Legacy of Bonebriar Rk. III
126703,Spell: Legion of Zykean Rk. III
125006,Spell: Lesson of Repentance Rk. III
125894,Spell: Lethargy Rk. III
126289,Spell: Lightning Helix Rk. III
126292,Spell: Lightning Surge Rk. III
126371,Spell: Lithara's Fire Rk. III
126350,Spell: Lithara's Pyroblade Rk. III
125332,Spell: Loathing Rk. III
125147,Spell: Lucid Balm Rk. III
125571,Spell: Lunamelioration Rk. III
126374,Spell: Maelstrom of Mana Rk. III
126353,Spell: Magmatic Downpour Rk. III
125864,Spell: Malosene Rk. III
125265,Spell: Malthiasiss's Bite Rk. III
125422,Spell: Mammoth's Force Rk. III
126725,Spell: Mana Reiteration Aura Rk. III
126658,Spell: Mana Reiteration Rk. III
126294,Spell: Mana Vortex Rk. II
126295,Spell: Mana Vortex Rk. III
126706,Spell: Manastorm Rk. III
125045,Spell: Mark of the Defender Rk. III
124871,Spell: Mark of the Devout Rk. III
124982,Spell: Mark of the Pure Rk. III
125562,Spell: Mask of the Arboreal Rk. III
126532,Spell: Mass Spectral Transvergence Rk. III
125943,Spell: Mending Counterbias Rk III
126731,Spell: Mind Helix Rk. III
126737,Spell: Mindblade Rk. III
125308,Spell: Minion of Fear Rk. III
125183,Spell: Mottlecoat Rk. III
126301,Spell: Murkmist Guard Rk. III
125904,Spell: Nargul's Malady Rk. III
125425,Spell: Nature's Harmony Rk. III
125583,Spell: Nature's Incinerating Wrath Rk. III
126123,Spell: Necrotic Boils Rk. III
125961,Spell: Nectar of Torment Rk. III
126798,Spell: Neivr's Aggression Rk. III
126801,Spell: Neivr's Protection Rk. III
126078,Spell: Ninavero's Swift Deconstruction Rk. III
126183,Spell: Ninavero's Swift Lifedraw Rk. III
126587,Spell: Novak's Animation Rk. III
125072,Spell: Oathbound Keeper Rk. III
124934,Spell: Order of the Earnest Rk. III
125976,Spell: Pack of Wurt Rk. III
125048,Spell: Penitence Rk. III
125982,Spell: Penumbra of Renewal Rk. III
125286,Spell: Plague of Iglum Rk. III
125522,Spell: Polyporous Assault Rk. III
126747,Spell: Polyspectral Rune Rk. III
125075,Spell: Preservation of Marr Rk. III
124816,Spell: Pristine Blood Rk. III
125453,Spell: Promised Replenishment Rk. III
124856,Spell: Promised Resurgence Rk. III
126419,Spell: Promised Wardmending Rk. III
124985,Spell: Propitiate Rk. III
125213,Spell: Protection of the Vale Rk. III
125081,Spell: Protective Devotion Rk. III
125111,Spell: Purefont Rk. III
124762,Spell: Purged Blood Rk. III
126129,Spell: Pyre of Nos Rk. III
126108,Spell: Pyre of the Bereft Rk. III
125952,Spell: Qirik's Mending Rk. III
125907,Spell: Qirik's Recourse Rk. III
126520,Spell: Rain of Daggers Rk. III
126454,Spell: Rain of Rhyolite Rk. III
124937,Spell: Rallied Rampart of Vie Rk. III
124850,Spell: Rampart of Vie Rk. III
118553,Spell: Ravenous Flames Rk III
124822,Spell: Rebuke Rk. III
125985,Spell: Reckless Mending Rk. III
124759,Spell: Reject Corruption Rk. III
125574,Spell: Rejuvilation Rk. III
124819,Spell: Reliance Rk. III
125492,Spell: Remote Sunflare Rk. III
126484,Spell: Renewal of Volark Rk. III
125311,Spell: Repulsive Sacrifice Rk. III
126132,Spell: Rilfed's Swift Sickness Rk. III
125159,Spell: Roar of the Predator Rk. III
126535,Spell: Ruinous Servant Rk. III
126590,Spell: Rune of Novak Rk. III
126629,Spell: Runic Gleam Aura Rk. III
126804,Spell: Salve of Sevna Rk. III
126846,Spell: Sarsez' Bite Rk. III
126523,Spell: Scalding Winds Rk. III
126135,Spell: Scapegoat Rk. III
125114,Spell: Scarab Swarm Rk. III
126081,Spell: Scent of Doom Rk. III
126190,Spell: Scorch Bones Rk. III
125432,Spell: Scorching Sunray Rk. III
126389,Spell: Self-Annihilation Rk. III
126712,Spell: Serene Wave Rk. III
126676,Spell: Serenity Rk. III
126816,Spell: Sha's Reprisal Rk. III
125919,Spell: Shakare's Drowse Rk. III
125435,Spell: Shear of the Stormborn Rk. III
125528,Spell: Shell of the Reptile Rk. III
126024,Spell: Shield of Dreams Rk. III
125117,Spell: Shield of Nettlespikes Rk. III
124886,Spell: Shining Rampart Rk. III
126819,Spell: Shiverback Endemic Rk. III
126457,Spell: Shock of Ethereal Steel Rk. III
126912,Spell: Shout at the Moon Rk. II
126913,Spell: Shout at the Moon Rk. III
125289,Spell: Shroud of the Plagueborne Rk. III
126084,Spell: Sigil of the Moribund Rk. III
124883,Spell: Silent Proclamation Rk. III
125498,Spell: Skin to Leaves Rk. III
126266,Spell: Soothing Harvest Rk. III
126740,Spell: Soporific Stare Rk. III
126102,Spell: Soulbound Manacles Rk. III
124865,Spell: Sound of Fury Rk. III
126538,Spell: Spear of Magma Rk. III
126682,Spell: Spectral Assault Rk. III
126849,Spell: Spectral Rampart Rk. III
126593,Spell: Spectral Rune Rk. III
126541,Spell: Spectral Symbiosis Rk. III
126753,Spell: Spectral Unity Rk. III
126596,Spell: Speed of Novak Rk. III
126919,Spell: Spellbreaker's Rampart Rk. II
126920,Spell: Spellbreaker's Rampart Rk. III
126111,Spell: Sphere of Blight Rk. III
125991,Spell: Spinechiller Blood Rk. III
126807,Spell: Spinechiller Blood Rk. III
125870,Spell: Spinechiller's Spear of Venom Rk. III
126874,Spell: Spirit of Kron Rk. III
125392,Spell: Spirit of the Relentless Rk. III
126880,Spell: Spiritual Enhancement Rk. III
126822,Spell: Spiritual Valor Rk. III
125994,Spell: Splash of Glyphdust Rk. III
126460,Spell: Splash of Lava Rk. III
126395,Spell: Splash of Rhyolite Rk. III
126599,Spell: Splintered Consciousness Rk. III
126196,Spell: Splirt Rk. III
125165,Spell: Stalker's Vigor Rk. III
125132,Spell: Strength of the Thicket Stalker Rk. III
126440,Spell: Strike of Sand Rk. III
124961,Spell: Stubborn Stance Rk. III
126756,Spell: Subjugate Rk. III
126623,Spell: Subjugating Aura Rk. III
125543,Spell: Summer Prominence Rk. III
125186,Spell: Summer's Storm Rk. III
125540,Spell: Sunbrand Rk. III
125537,Spell: Sunrise Blessing Rk. III
125577,Spell: Surge of Bonebriars Rk. III
126547,Spell: Surge of Shadowflares Rk. III
125501,Spell: Survival of the Propitious Rk. III
125138,Spell: Swarm of Hornets Rk. III
124780,Spell: Symbol of Ealdun Rk. III
125009,Spell: Symbol of Jyleel Rk. III
126006,Spell: Talisman of Soul's Unity Rk. III
125404,Spell: Talisman of the Relentless Rk. III
125873,Spell: Talisman of the Tiger Rk. III
126237,Spell: Tears of Flame Rk. III
126765,Spell: Tears of Zykean Rk. III
124765,Spell: Tectonic Shock Rk. III
126398,Spell: Telakama Rk. III
126550,Spell: Tellurian Bodyguard Rk. III
126487,Spell: Tellurian Stance Rk. III
125228,Spell: Tempest of Arrows Rk. III
126105,Spell: Tenak's Flashblaze Rk. III
126147,Spell: Tenuous Darkness Rk. III
125271,Spell: Terror of Rerekalen Rk. III
124825,Spell: Thirteenth Salve Rk. III
125428,Spell: Thornspur Rk. III
126153,Spell: Thought Flay Rk. III
126150,Spell: Thoughtburn Rk. III
126401,Spell: Thricewoven Electricity Rk. III
125447,Spell: Timbercore Skin Rk. III
125362,Spell: Touch of Dyalgem Rk. III
125365,Spell: Touch of Iglum Rk. III
126925,Spell: Tuzil's Feralgia Rk. II
126926,Spell: Tuzil's Feralgia Rk. III
126715,Spell: Twilight Rune Rk. III
125964,Spell: Undaleen's Venom Rk. III
125879,Spell: Unity of the Soul Rk. III
125395,Spell: Untamed Growth Rk. III
126768,Spell: Voice of Forethought Rk. III
124795,Spell: Vow of Vanquishing Rk. III
126463,Spell: Wand of Spectral Transvergence Rk. III
126771,Spell: Ward of Bafflement Rk. III
126009,Spell: Ward of Recovery Rk. III
124828,Spell: Ward of Retaliation Rk. III
124783,Spell: Ward of the Earnest Rk. III
125051,Spell: Wave of Penitence Rk. III
126825,Spell: Wilap's Mending Rk. III
125462,Spell: Wildfire Aura Rk. III
126240,Spell: Wildmana Barrage Rk. III
125967,Spell: Wind of Malisene Rk. III
125504,Spell: Winter's Pyre Rk. III
124777,Spell: Word of Awakening Rk. III
124940,Spell: Word of Resurgence Rk. III
125925,Spell: Wurt's Faithful Rk. III
72880,Sphalerite of Pure Aggression
31773,Spiced Hollow Palm Tea
65116,Spirit Shift
48061,Spiritual Tome
51597,Sprout Stick
54818,Staff of Ankexfen
54816,Staff of Forbidden Rites
113776,Stalwart Bounder Armband
113771,Stalwart Bounder Boots
113772,Stalwart Bounder Cuirass
113774,Stalwart Bounder Gloves
113773,Stalwart Bounder Greaves
113775,Stalwart Bounder Helm
113770,Stalwart Bounder Sleeves
74893,Starflow of Pure Battle
75285,Starflow of Pure Ferocity
85151,Steam Suit Potion Wand
66379,Steel Keel Segment
31863,Stone of Gnoming
90043,Strengthened Bone Mask of Horror
51429,Stunning Concoction I
51430,Stunning Concoction II
69813,Sullon's Halberd of Rage
64983,Summoned: Exigent Minion II
64984,Summoned: Exigent Minion III
64981,Summoned: Exigent Servant III
32127,Sword of Ownage
20330,Sylvan Initiate Morningstar
99367,Tailored Legendary Backpack Wand
28099,Tainted Celestial Fists
55610,Talakoi's Remains
85158,Tallon Zek Shield Wand
43537,Tan Chain Shiny Collapsible Roboboar
40447,Tan Chain Worg Bridle
30492,Tan Guide Issue Bridle
40432,Tan Leather Worg Bridle
40450,Tan Silken Worg Bridle
40434,Tan Silken Worg Bridle
85165,Tarew Marr Shield Wand
52547,Tasteless Froglok Leg
61017,Tasty Froglok Leg
85146,Telmira Potion Wand
52189,Terris Thule Dagger Ornamentation
85159,Terris-Thule Shield Wand
13637,Test Fellowship Teleport
69466,Tharkis' Platinum Stud
85155,The Rathe Shield Wand
85157,The Tribunal Council Shield Wand
99362,Thirst Quencher Wand
17033,Tinmizer's Stupendous Contraption
99372,Title Suffix Wand: the Ale Runner
99375,Title Suffix Wand: the High Diver
99373,Title Suffix Wand: the Lucky Survivor
99374,Title Suffix Wand: the Show Stopper
99371,Title Wand: Arena Prefixes
99370,Title Wand: Arena Suffixes
54793,Tobrin's Mystical Eyepatch
131197,Tome of Accost Rk. III
66222,Tome of Armor Crush
125012,Tome of Armor of Courage Rk. III
130016,Tome of Armor of Mystical Runes Rk. II
130017,Tome of Armor of Mystical Runes Rk. III
124703,Tome of Armor of Phantasmic Runes Rk. III
130376,Tome of Armor of Zeal Rk. III
66228,Tome of Ashenhand
125787,Tome of Assail Rk. II
125788,Tome of Assail Rk. III
126975,Tome of Avenging Flurry Discipline Rk. III
132450,Tome of Axe of Illdaera Rk. III
66271,Tome of Backslash
130043,Tome of Barbed Tongue Discipline Rk. II
132370,Tome of Barrage Rk. III
125833,Tome of Battery Rk. III
124709,Tome of Bazu Roar Rk. III
132240,Tome of Bestial Rending Rk. III
126789,Tome of Bestial Vivisection Rk. III
125791,Tome of Blinding Glare Rk. III
131200,Tome of Blinding Gleam Rk. III
126963,Tome of Blood Axe Rk. III
132423,Tome of Blood Blade Rk. III
125216,Tome of Bullseye Discipline Rk. III
125605,Tome of Cloud of Fists Rk. III
132411,Tome of Conquering Frenzy Rk. III
131028,Tome of Crane Stance Rk. II
130770,Tome of Crimson Blade Rk. II
130040,Tome of Cyclonic Blades Rk. II
130041,Tome of Cyclonic Blades Rk. III
131251,Tome of Daggerstrike Rk. III
125839,Tome of Daggerswipe Rk. III
131041,Tome of Decry Death Rk. III
124955,Tome of Defy Rk. III
131236,Tome of Delusion Rk. III
125622,Tome of Deny Death Rk. II
125623,Tome of Deny Death Rk. III
131032,Tome of Diamondpalm Discipline Rk. III
66205,Tome of Discipline Bestial Fury
66202,Tome of Discipline Deftdance
66206,Tome of Discipline Holyforge
66204,Tome of Discipline Protective Spirit
66203,Tome of Discipline Puretone
66207,Tome of Discipline Sanctification
66208,Tome of Discipline Trueshot
126957,Tome of Distracting Scream Rk. III
131209,Tome of Distraction Rk. III
66212,Tome of Dragon Strike
125598,Tome of Dreamwalker's Synergy Rk. III
132405,Tome of Early Retaliation Rk. III
125794,Tome of Easy Mark Rk. III
125608,Tome of Echo of Confusion Rk. III
131023,Tome of Echo of Obfuscation Rk. III
126969,Tome of Energetic Axe Throw Rk. III
131226,Tome of Energetic Dagger-Strike Rk. II
131227,Tome of Energetic Dagger-Strike Rk. III
66364,Tome of Energy Sap
130508,Tome of Enraging Crescent Kicks Rk. III
131253,Tome of Eradicator's Discipline Rk. II
131254,Tome of Eradicator's Discipline Rk. III
125030,Tome of Exalted Mantle Rk. III
130052,Tome of Field Defender Rk. II
130053,Tome of Field Defender Rk. III
124726,Tome of Field Outfitter Rk. II
124727,Tome of Field Outfitter Rk. III
124694,Tome of Fifth Wind Rk. III
126999,Tome of Fighting Frenzy Rk. III
130761,Tome of Final Gasp Rk. II
125629,Tome of Five Breaths Rk. III
124711,Tome of Flash of Anger Rk. II
124712,Tome of Flash of Anger Rk. III
125820,Tome of Fleet-Footed Discipline Rk. II
125821,Tome of Fleet-Footed Discipline Rk. III
126810,Tome of Flurry of Claws Rk. III
66224,Tome of Focused Aura
124723,Tome of Forceful Attraction Rk. II
124724,Tome of Forceful Attraction Rk. III
132438,Tome of Frenzied Resolve Rk. III
125302,Tome of Gorgon Carapace Rk. III
125305,Tome of Gorgon Mantle Rk. III
130689,Tome of Gouging Blade Rk. III
66216,Tome of Grapple
130023,Tome of Grendlaen Roar Rk. III
66275,Tome of Hamstring
125631,Tome of Heel of Kai Rk. II
125632,Tome of Heel of Kai Rk. III
131050,Tome of Heel of Kojai Rk. III
130008,Tome of Inner Rejuvenation Rk. III
125809,Tome of Instruction in Toxicity Rk. III
125634,Tome of Intercepting Fist Rk. II
125635,Tome of Intercepting Fist Rk. III
132447,Tome of Jarring Blow Rk. III
126981,Tome of Jarring Slam Rk. III
130511,Tome of Jolting Crescent Kicks Rk. III
125123,Tome of Jolting Hook kicks Rk. III
131212,Tome of Jugular Gash Rk. III
125806,Tome of Jugular Sever Rk. III
132420,Tome of Kick in the Teeth Rk. III
130058,Tome of Knuckle Break Rk. II
130059,Tome of Knuckle Break Rk. III
124732,Tome of Knuckle Snap Rk. II
124733,Tome of Knuckle Snap Rk. III
132303,Tome of Kolos' Fury Rk. III
125353,Tome of Last Breath Rk. III
66213,Tome of Leg Sweep
125824,Tome of Misdirection Rk. III
126843,Tome of Nature's Fury Rk. III
66215,Tome of Nerve Spasm
66214,Tome of Nerve Strike
131244,Tome of Onslaught Rk. II
131245,Tome of Onslaught Rk. III
66223,Tome of Overwhelm
126951,Tome of Overwhelming Frenzy Rk. III
66225,Tome of Pain Strike
132417,Tome of Perturbing Scream Rk. III
125602,Tome of Phantasmal Apparition Rk. III
125829,Tome of Pinpoint Flaws Rk. II
125830,Tome of Pinpoint Flaws Rk. III
131242,Tome of Pinpoint Liabilities Rk. III
130394,Tome of Prominent Mantle Rk. III
131232,Tome of Quick-Footed Discipline Rk. II
131233,Tome of Quick-Footed Discipline Rk. III
124715,Tome of Rallying Roar Rk. III
66217,Tome of Rapid Jab
125842,Tome of Reckless Escape Rk. III
130705,Tome of Recondite Mantle Rk. III
130310,Tome of Renounce Rk. III
124691,Tome of Respite Rk. III
125036,Tome of Righteous Indignation Rk. III
130399,Tome of Righteous Vexation Rk. II
130400,Tome of Righteous Vexation Rk. III
130034,Tome of Roar of Challenge Rk. II
130035,Tome of Roar of Challenge Rk. III
126909,Tome of Rush Rk. II
126910,Tome of Rush Rk. III
132312,Tome of Savage Fury Rk. II
124736,Tome of Scoff Rk. III
130061,Tome of Scorn Rk. II
130062,Tome of Scorn Rk. III
131035,Tome of Seven-Step Pattern Rk. III
127008,Tome of Shared Brutality Rk. III
132477,Tome of Shared Savagery Rk. III
130699,Tome of Sholothian Carapace Rk. III
131203,Tome of Simple Mark Rk. III
131047,Tome of Six Breaths Rk. III
125617,Tome of Six-Step Pattern Rk. III
130005,Tome of Sixth Wind Rk. III
126960,Tome of Slap in the Face Rk. III
131263,Tome of Smokeblind Rk. III
125849,Tome of Smokeshroud Rk. III
132429,Tome of Spirited Axe Throw Rk. III
130067,Tome of Stalwart Defense Rk. II
130068,Tome of Stalwart Defense Rk. III
124741,Tome of Staunch Defense Rk. II
124742,Tome of Staunch Defense Rk. III
132468,Tome of Steel Frenzy Rk. III
124718,Tome of Strategic Strike Rk. III
132465,Tome of Sundering Discipline Rk. III
132444,Tome of Sundering Volley Rk. III
126972,Tome of Temple Chop Rk. III
132432,Tome of Temple Smash Rk. III
126954,Tome of Tendon Lacerate Rk. III
132414,Tome of Tendon Slash Rk. III
66226,Tome of Thunderkick
131218,Tome of Toxic Blade Rk. III
66229,Tome of Tranquil Focus
132272,Tome of Tumult of Claws Rk. II
132273,Tome of Tumult of Claws Rk. III
130738,Tome of Undivided Acrimony Rk. III
130423,Tome of Undivided Affirmation Rk. II
130424,Tome of Undivided Affirmation Rk. III
130025,Tome of Undivided Attention Rk. II
130026,Tome of Undivided Attention Rk. III
132435,Tome of Unyielding Will Discipline Rk. III
131008,Tome of Veiled Apparition Rk. III
131038,Tome of Veiled Body Rk. III
131004,Tome of Veilwalker's Synergy Rk. III
125815,Tome of Vigorous Dagger-Strike Rk. III
130038,Tome of Vital Strike Rk. III
125619,Tome of Void Body Rk. II
125620,Tome of Void Body Rk. III
131020,Tome of Void Step Rk. III
124697,Tome of Weapon Affiliation Rk. III
130011,Tome of Weapon Bond Rk. III
124720,Tome of Wheeling Blades Rk. II
124721,Tome of Wheeling Blades Rk. III
66218,Tome of Whirlwind Kick
131256,Tome of Wild Escape Rk. II
131257,Tome of Wild Escape Rk. III
66227,Tome of Wind of Force
125818,Tome of Wound Rk. III
137310,Tome: Daring Escape Rk. III
114518,Tome: Focused Clamor of Claws Rk. III
114002,Tome: No Time to Bleed Rk. III
85180,Toothed Dirk Wand
75496,Tourmaline of Minor Virility
72419,Tourmaline of Pure Virility
31860,Treehugger's Shrub
69468,Troll Bowl Ball
28740,Troll Receipt
99357,Troll Wand
139156,Twilight Boots of the Zealot
86567,Undershore Spirit Patch
85190,Unfinished Bo Staff Wand
51100,Unfinished Soulstone
147033,Unforgiving Cleaver
52542,Unstable Bottle
99358,Vah Shir Wand
85160,Vallon Zek Shield Wand
31857,Vial of Inky Ink
43541,White Chain Shiny Collapsible Roboboar
40451,White Chain Worg Bridle
54798,White Dragonscale Cloak
30493,White Guide Issue Bridle
40436,White Leather Worg Bridle
43542,White Ornate Chain Shiny Collapsible Roboboar
43558,White Ornate Chain Shiny Collapsible Roboboar
40453,White Ornate Chain Worg Bridle
40438,White Silken Worg Bridle
54796,White Wolf-hide Cloak
85191,Wildflower Bouqet Wand
54776,Wolf Fur Slippers
99359,Wood Elf Wand
11512,Words of Power
31853,Wreath of Takish Hiz
85161,Xegony Shield Wand
55611,Yogundi's Remains
54777,Zaharn's Coronet
85164,Zebuxoruk Shield Wand